poet,gender,
Norman Macleod,M,
Wilfrid Wilson Gibson,M,
Allison Adelle Hedge Coke,F,
George Eliot,M,
Richard Jones,M,
Twyla Hansen,F,
Jerzy Ficowski,M,
S.J. Fowler,M,
Timothy Murphy,M,
Ben Vogt,M,
Allen Tate,M,
Chris Green,M,
Tony Gloeggler,M,
Lucy Larcom,F,
Georgia Douglas Johnson,F,
Alli Warren,F,
Brian Russell,M,
Sara Miller,F,
Cheryl Boyce-Taylor,F,
Carrie Olivia Adams,F,
Roisin Kelly,F,
Adrienne Rich,F,
Seamus Heaney,M,
Martín Espada,M,
Fabio Pusterla,M,
Liane Strauss,F,
Mary-Sherman Willis,F,
John Updike,M,
Suzanne Gardinier,F,
Elizabeth Seydel Morgan,F,
Christopher Shannon,M,
Sara Teasdale,F,
Alda Merini,F,
Kate Buckley,F,
Lesley Wheeler,F,
Marsha Truman Cooper,F,
Angela de Hoyos,F,
Emily Pérez,F,
Sholeh Wolpé,F,
Paul Grant,M,
Afshan Shafi,F,
Clarinda Harriss,F,
Abraham Cowley,M,
Raza Ali Hasan,M,
Graham Foust,M,
Callie Garnett,F,
Mia Kang,F,
Harriet Monroe,F,
Margaret Avison,F,
Edith Sitwell,F,
Hilda Raz,F,
Sara Littlecrow-Russell,F,
Charles Baudelaire,M,
Michael Basinski,M,
H. D.,F,
Phillip B. Williams,M,
Christopher Todd Matthews,M,
George Henry Boker,M,
Katherine Hauth,F,
Wyatt Prunty,M,
Antonio Machado,M,
Anthony Hecht,M,
Olivia Maciel,F,
James Arthur,M,
Rhina P. Espaillat,F,
Barbara Hamby,F,
Robert Creeley,M,
Diane Lockward,F,
Jaya Savige,M,
Jake Crist,M,
Moira Egan,F,
Bernadette Mayer,F,
Garrett Caples,M,
John Murillo,M,
Jerome Rothenberg,M,
Karin Gottshall,F,
Roxane Beth Johnson,F,
R. S. Thomas,M,
Alice Cary,F,
Jonterri Gadson,F,
Claire Trévien,F,
Robert Haight,M,
Janet Eigner,F,
Jamie McKendrick,M,
Elinor Wylie,F,
Gwen Nell Westerman,F,
Jared Stanley,M,
John Skoyles,M,
Anthony Lawrence,M,
Ciaran Berry,M,
Ai,F,
T'ai Freedom Ford,NB,https://taifreedomford.com/
Stephen Ira,M,
James Whitcomb Riley,M,
Dean Young,M,
George Bilgere,M,
Daryl Hine,M,
Robert Sullivan,M,
Amanda Jernigan,F,
Shuzo Takiguchi,M,
Virginia Keane,F,
Cole Swensen,F,
Simon Armitage,M,
Lizette Woodworth Reese,F,
Nuala Ní Dhomhnaill,F,
David Mason,M,
Luljeta Lleshanaku,F,
Mark Waldron,M,
Brian Komei Dempster,M,
Farnoosh Fathi,F,
Justin Phillip Reed,M,
Maryann Corbett,F,
Kathleen Flenniken,F,
Amelia Opie,F,
Malika Booker,F,
Hart Crane,M,
George Bowering,M,
Tina Chang,F,
Mark Doty,M,
Álvaro de Campos,M,
Rick Noguchi,M,
Geraldine Clarkson,F,
Joel Dias-Porter,M,
David Rivard,M,
Nikki Wallschlaeger,F,
Lady Mary Chudleigh,F,
Lloyd Schwartz,M,
Guillaume Apollinaire,M,
Lev Oborin,M,
Percy Bysshe Shelley,M,
Katharine Coles,F,
Jean Ingelow,M,
Michael Gessner,M,
Jehanne Dubrow,F,
Jane Hirshfield,F,
Baron Brooke Fulke Greville,M,
Marie Thurmer,F,
Paolo Febbraro,M,
Craig Dworkin,M,
Nick Laird,M,
James Lenfestey,M,
E. Ethelbert Miller,M,
Tiana Clark,F,
Michael Lista,M,
Rebecca Hoogs,F,
Bruce Smith,M,
Liz Howard,F,
Jim Johnstone,M,
Alexander Pope,M,
Sylvia Plath,F,
Howard Altmann,M,
Daniel Webster Davis,M,
Betty Adcock,F,
David Musgrave,M,
Mai Der Vang,F,
Gwyneth Lewis,F,
Elizabeth Woody,F,
Richard Hoffman,M,
Tim Seibles,M,
Robin Chapman,F,
Paul Killebrew,M,
Miri Ben-Simhon,F,
Lois Red Elk,F,
Clare Pollard,F,
Major Jackson,M,
Omar Pérez,M,
Katharine Auchincloss Lorr,F,
Jon Leon,M,
Kai Conradi,T,
Ralph Waldo Emerson,M,
George Santayana,M,
Marvin Bell,M,
kari edwards,F,
Donald Hall,M,
Pura López-Colomé,F,
Sharon Bryan,M,
Matthew Rohrer,M,
Michael Schmidt,M,
Lillian-Yvonne Bertram,F,
Amy Key,F,
Matthew Sweeney,M,
Jonathan Galassi,M,
Peter O’Leary,M,
Kunst Judith McCune,F,
A. M. Juster,M,
Margaret Postgate Cole,F,
JoAnn Balingit,F,
Mark Halliday,M,
Kate Greenstreet,F,
Rebecca Dunham,F,
Hilaire Belloc,F,
Jamila Woods,F,
Hannah Gamble,F,
Sunnylyn Thibodeaux,,
Ian Pople,M,
Edgar Bowers,M,
Khaled Mattawa,M,
Aifric Mac Aodha,F,
Alfred Corn,M,
Anne Sexton,F,
Carolyn Creedon,F,
William Johnson,M,
Eva Gore-Booth,F,
Bruce Covey,M,
Miroslav Holub,M,
Thomas R. Smith,M,
Kerri Sonnenberg,F,
Anne Brontë,F,
Stephen Crane,M,
No‘u Revilla,F,
Rodney Gomez,M,
Peter Oresick,M,
Casey Pycior,F,
Maria Hummel,F,
Susan Fealy,F,
Ann Lauterbach,F,
Melissa Broder,F,
Ben Jonson,M,
Patricia Spears Jones,F,
Alexa Selph,F,
Neisha Tweed,F,
Jonathan Williams,M,
Sonnet L'Abbé,F,
C. Dale Young,M,
Jacqueline Woodson,F,
Ross Gay,M,
Sara Deniz Akant,F,
Honorée Fanonne Jeffers,F,
Robert Graves,M,
Katie Peterson,F,
Alison Pelegrin,F,
Brenda Shaughnessy,F,
Barbara Ellen Sorensen,F,
Julian Talamantez Brolaski,M,
Avot Yeshurun,M,
Judith Slater,F,
Gregory O’Brien,M,
Harmony Holiday,F,
Robin Morgan,F,
Debra Nystrom,F,
Gig Ryan,F,
Eisder Mosquera,M,
Sandra Simonds,F,
Joyce Sutphen,F,
Elton Glaser,M,
Stephanie Ellis Schlaifer,F,
Farid Matuk,M,
Melissa Kwasny,F,
Ladan Osman,F,
Sheryl St. Germain,F,
Tayi Tibble,F,
Ursula K. Le Guin,F,
Henry Parland,M,
Walter Clyde Curry,M,
"Henry Howard, Earl of Surrey",M,
Jennifer Givhan,F,
Sean Hill,M,
John Peck,M,
Rachel Richardson,F,
James Hoch,M,
Nadra Mabrouk,F,
Thylias Moss,F,
Adrian Blevins,F,
Ron De Maris,M,
Jeffrey Jullich,M,
Mary Lamb,F,
Maureen Thorson,F,
Fred D'Aguiar,M,
Naomi Cohn,F,
Olivia Clare,F,
Therese Lloyd,F,
Samuel Wagan Watson,M,
Ashley Anna McHugh,F,
Ioanna Carlsen,F,
Ryo Yamaguchi,M,
Isaac Rosenberg,M,
Walt Whitman,M,
Carl Dennis,M,
Amanda Calderon,F,
Valerie Mejer Caso,F,
Jennifer Chang,F,
Chris Dombrowski,M,
Victoria Martinez,F,
Joshua Corey,M,
Allison Seay,F,
Dora Malech,F,
Natalie Scenters-Zapico,F,
Christopher Gilbert,M,
Gerald Fleming,M,
Richard Garcia,M,
Leila Wilson,F,
Olav H. Hauge,M,
Stephanie Gray,F,
Chidiock Tichborne,M,
Patrick Shaw-Stewart,M,
Julie Suk,F,
Randall Mann,M,
Paul Martin,M,
Susan Eisenberg,F,
Connie Wanek,F,
Tory Dent,M,
Natalie Eilbert,F,
E. A. Markham,M,
Sherod Santos,M,
Richard Levine,M,
Shane Book,M,
Brad Trumpfheller,M,
Judith Ortiz Cofer,F,
R.A. Villanueva,M,
Reb Livingston,F,
Charlotte Elizabeth Tonna,F,
Jack Cooper,M,
Lisa Williams,F,
Michael McClure,M,
Rebecca Kai Dotlich,F,
Janet McNally,F,
Aleida Rodríguez,F,
Richard Newman,M,
Charles Wesley,M,
Al Young,M,
Dag T. Straumsvåg,-,
Charles Wright,M,
LeConté Dill,F,
H. L. Hix,M,
Daisy Fried,F,
Marilyn L. Taylor,F,
Susan Howe,F,
Thomas James,M,
Jennifer Scappettone,F,
Ed Roberson,M,
Suzanne Buffam,F,
Valerie Duff,F,
James Crews,M,
Douglas Florian,M,
Sarah Josepha Hale,F,
Judy Grahn,F,
Drew Swinger,F,
Catherine Sasanov,F,
Iain Britton,M,
Kristen Tracy,F,
Kenneth Lee,M,
Arthur Sze,M,
Andrew Hudgins,M,
Tongo Eisen-Martin,M,
Martin Dyar,M,
James Baldwin,M,
Kahlil Gibran,M,
Archibald MacLeish,M,
Rodney Jones,M,
Elaine Kahn,F,
Clark Coolidge,M,
Dara Wier,F,
Sir  Thomas Wyatt,M,
William Walden,M,
N. Scott Momaday,M,
Kwame Dawes,M,
Anna Maria Hong,F,
Edith Wharton,M,
Szilárd Borbély,M,
Marie Howe,F,
A. E. Housman,M,
Marsha De La O,F,
Leslie Adrienne Miller,F,
Thomas R. Moore,M,
Isaac Watts,M,
John Godfrey,M,
Gerard Malanga,M,
Phillis Wheatley,F,
Celina Su,F,
Joachim Sartorius,M,
Margaret Hasse,F,
Camille Rankine,F,
Luke Kennard,M,
Yona Harvey,F,
Amber Flora Thomas,F,
Paulann Petersen,F,
John Frederick Nims,M,
Hannah More,F,
Harry Clifton,M,
Blas Falconer,M,
Philip Lamantia,M,
Lynne Sharon Schwartz,F,
Debra Wierenga,F,
Jeffrey Harrison,M,
Carl Phillips,M,
Ezra Pound,M,
Carol L. Gloor,F,
Jayne Cortez,F,
Philip Larkin,M,
Arthur Rimbaud,M,
Jessie B. Rittenhouse,F,
Dave Lucas,M,
Jason Labbe,M,
Charlie Smith,M,
Nora Marks Dauenhauer,F,
Sean Nevin,M,
Jason Gray,M,
Olena Kalytiak Davis,F,
Ethan Stebbins,M,
Nyla Matuk,F,
Lewis Carroll,M,
Joanna Klink,F,
Chard DeNiord,M,
Christopher Marlowe,M,
Diane Gilliam Fisher,F,
Esther Belin,F,
Maureen Seaton,F,
Dave Smith,M,
Elizabeth-Jane Burnett,F,
Rick Campbell,M,
Thom Gunn,M,
John Shoptaw,M,
James Galvin,M,
Arden Levine,F,
William Cowper,M,
John Sakkis,M,
Judson Mitcham,M,
Martha Zweig,F,
Bhanu Kapil,F,
Sarah Gambito,F,
Sarah Dixon,F,
Stuart Dybek,M,
T.J. Jarrett,F,
Patrick Durgin,M,
Dean Browne,M,
Harryette Mullen,F,
Leanne O'Sullivan,F,
Petra White,F,
Regan Huff,M,
George Gascoigne,M,
Primus St. John,M,
Elizabeth Akers Allen,F,
Reginald Dwayne Betts,M,
Oliver Goldsmith,M,
Mark Levine,M,
Tacey M. Atsitty,F,
Adonis,M,
Gillian Allnutt,F,
Dan Chelotti,M,
Shann Ray,M,
Eric Nelson,M,
David Elliott,M,
James Sloan Gibbons,M,
Elisa Gabbert,F,
Richard Jarrette,M,
Maria Terrone,F,
Tom Sleigh,M,
Carrie Shipers,F,
Jeff Vande Zande,M,
Dave Lordan,M,
Robin Blaser,M,
Sarah Orne Jewett,F,
Roberta Hill,F,
Keith S. Wilson,M,
Zack Strait,M,
Coventry Patmore,M,
Jennifer S. Flescher,F,
Glenn Morazzini,M,
Aileen Lucia Fisher,F,
Emily Pauline Johnson,F,
Nicky Beer,F,
Linda Gregg,F,
Michael Klein,M,
John Reibetanz,M,
Emily Jungmin Yoon,F,
Wilfred Owen,M,
Hieu Minh Nguyen,M,
Maudelle Driskell,F,
Michael McFee,M,
Emily Dickinson,F,
Martha Collins,F,
William Jay Smith,M,
Willie Perdomo,M,
Bob Dahlquist,M,
James Masao Mitsui,M,
Nancy Willard,F,
Jena Osman,F,
Stevie Smith,M,
Benjamin Franklin,M,
Joshua Beckman,M,
Vona Groarke,F,
Katy Didden,F,
Muriel Rukeyser,F,
Charles Bukowski,M,
Bernadette Hall,F,
Jean L. Connor,M,
Lisa Jarnot,F,
Wendy Rose,F,
J. P. White,M,
Lucy Ives,F,
Stephen Yenser,M,
William Waring Cuney,M,
Anthony Carelli,M,
Kurt Brown,M,
J. T. Barbarese,M,
Timothy Thomas Fortune,M,
Jennifer Bartlett,F,
William Carlos Williams,M,
Maggie Dietz,F,
Babette Deutsch,F,
Anne Spencer,F,
Bobbi Katz,M,
Talvikki Ansel,F,
Emma Lazarus,F,
Robert Duncan,M,
Frank Steele,M,
Ernst Jandl,M,
Valerie Wetlaufer,F,
Patrick Cotter,M,
Neil Fischer,M,
Dana Bisignani,F,
Eleanor Percy Lee,F,
Denise Riley,F,
Victor Hernández Cruz,M,
May Wedderburn Cannan,F,
Dorianne Laux,F,
Norman Williams,M,
Maram Al-Massri,F,
Ernest Hilbert,M,
Piotr Sommer,M,
Philip Levine,M,
Camonghne Felix,F,
Sharon Dolin,F,
Noah Buchholz,M,
Charif Shanahan,M,
John Greenleaf Whittier,M,
Marcus Wicker,M,
Richard Howard,M,
Katherine Larson,F,
Thomas Gray,M,
Sarah Kirsch,F,
Stanley Kunitz,M,
Cecil Touchon,M,
Caoilinn Hughes,F,
Margaret Kaufman,F,
January Gill O'Neil,F,
Shara McCallum,F,
Hadrian,M,
Adam Zagajewski,M,
Leslie Williams,F,
Jan Heller Levi,M,
Randall Jarrell,M,
Blas Manuel De Luna,M,
M.L. Smoker,F,
Maxine Scates,F,
James L. Dickey,M,
Neal Bowers,M,
TC Tolbert,T,
Robert Fitzgerald,M,
Håkan Sandell,M,
Luther Hughes,M,
René Magritte,M,
Philip Nikolayev,M,
Reina María Rodríguez,F,
Steven Heighton,M,
Rachel Blau DuPlessis,F,
Sabrina Orah Mark,F,
Tara Bergin,F,
Robert Louis Stevenson,M,
Felecia Caton Garcia,F,
Hartley Coleridge,M,
Frank O'Hara,M,
Angela C. Trudell Vasquez,F,
Brenda Coultas,F,
Philip Raisor,M,
Ed Bok Lee,M,
Reginald O'Hare Gibson,M,
Bruce Pemberton,M,
Troy Jollimore,M,
Paul Zimmer,M,
Joshua Clover,M,
Mary Morris,F,
Julia Kasdorf,F,
Emily Wilson,F,
Jessica Jopp,F,
Carmen Giménez Smith,F,
Louise Erdrich,F,
Robert Hass,M,
Philip Good,M,
Geoffrey Hill,M,
Roy Fisher,M,
Claire Potter,F,
James Brown,M,
Bruce F. Murphy,M,
Bridget Talone,F,
James Shirley,M,
Philip Appleman,M,
Kim Addonizio,F,
Yannis Ritsos,M,
Aaron Poochigian,M,
Nick Carbó,M,
Constance Urdang,F,
Alison Hawthorne Deming,F,
Lisa Robertson,F,
Andrea Cohen,F,
James Thomson,M,
Ann Taylor,F,
Mary Carolyn Davies,F,
Léonie Adams,F,
Æmilia Lanyer,F,
Martin Walls,M,
Grace Cavalieri,F,
Mary Jo Bang,F,
Gerald Maa,M,
R. T. Smith,M,
Emily Berry,F,
Louis Jenkins,M,
Keith Althaus,M,
Chase Twichell,F,
Michael Ryan,M,
Sophie Collins,F,
George Herbert,M,
William Hathaway,M,
Robert Browning,M,
Sandra M. Gilbert,F,
Mike White,M,
Abraham Sutzkever,M,
Elizabeth Kirkham Mathews,F,
Timothy Donnelly,M,
Sidney Lanier,M,
Laren McClung,F,
Amber Atiya,F,
Sherwin Bitsui,M,
Samuel Johnson,M,
W.D. Ehrhart,M,
Carl Sandburg,M,
Mark Vinz,M,
Audre Lorde,F,
Craig Santos Perez,M,
John Donne,M,
Alfred Noyes,M,
Michael Steffen,M,
Jean Nordhaus,F,
Caki Wilkinson,F,
Margaret Widdemer,F,
Michael Dickman,M,
Rhoda Janzen,F,
Chen Jun,M,
Jim Harrison,M,
David Baker,M,
Sarah Barber,F,
Fabián Severo,M,
Tu Fu,M,
Aphra Behn,M,
Gregory Corso,M,
V. Penelope Pelizzon,F,
Christopher Logue,M,
Rocket Caleshu,M,
Sylvia Ross,F,
Peter Heller,M,
Stephen Derwent Partington,M,
Kathleen Raine,F,
Veronica Patterson,F,
George Arnold,M,
Ronald Wallace,M,
Andrew Shields,M,
J. D. McClatchy,M,
Linda M. Hasselstrom,F,
Jennifer Gray,F,
Rodney Torreson,M,
Carmen Bernier-Grand,F,
William Cartwright,M,
Ella Wheeler Wilcox,F,
Petrarch,M,
Srikanth Reddy,M,
Carol Light,F,
Don Thompson,M,
Ahren Warner,M,
Janet McCann,F,
Dale Ritterbusch,M,
Edmund Berrigan,M,
James Brookes,M,
Denise Bergman,F,
Leigh Hunt,M,
Frank Asch,M,
Jane Yolen,F,
Calvin Bedient,M,
Sir Philip Sidney,M,
Kenneth Fearing,M,
Anna Dodsworth,F,
Alec Finlay,M,
César Vallejo,M,
Seán Ó Coileáin,M,
Jake Adam York,M,
Francine Sterle,F,
Elizabeth Moody,F,
Priscilla Lee,F,
Shira Dentz,F,
Craig Arnold,M,
Edmond Jabès,M,
D. A. Ellsworth,,
Amit Majmudar,M,
Ching-In Chen,NB,
Mark Jarman,M,
Susan Mitchell,F,
James Monroe Whitfield,M,
Derek N. Otsuji,M,
Nancy Botkin,F,
Stephen Vincent Benét,M,
Steve Sanfield,M,
John Bunyan,M,
Paul Claudel,M,
P. Ivan Young,M,
Natasha Trethewey,F,
CAConrad,NB,
Samuel Daniel,M,
T. E. Hulme,M,
Hafez,M,
Robert Bly,M,
Teresia Teaiwa,F,
Hervey Allen,M,
Katy Lederer,F,
Eric Amling,M,
Mike Chasar,M,
June Jordan,M,
Sebastian Matthews,M,
Tina Boyer Brown,F,
Carl Little,M,
Mary Atkinson,F,
April Ossmann,F,
Natalie Diaz,F,
Desirée Alvarez,F,
Joseph Ceravolo,M,
Alan Gillis,M,
Joshua Weiner,M,
Horace,M,
Richard Tillinghast,M,
Ernesto Cardenal,M,
Jules Supervielle,M,
Eva Saulitis,F,
Joseph Stanton,M,
Barbara Ras,F,
Mari L'Esperance,F,
Michael Drayton,M,
Claudine Toutoungi,F,
Rose Terry Cooke,F,
Mark Nickels,M,
Mary O'Donnell,F,
Ivor Gurney,M,
Diana García,F,
Paul Celan,M,
Susan Donnelly,F,
Sarah Manguso,F,
Felix Bernstein,M,
Andrew McMillan,M,
Phoebe Cary,F,
Rick Barot,M,
Tomaž Šalamun,M,
Monica Youn,F,
Harry Graham,M,
Michael Anania,M,
Ann Yearsley,F,
Allen Grossman,M,
Mark Laliberte,M,
Salwa Al-Neimi,F,
William Drummond of Hawthornden,M,
John Lee Clark,M,
Lee Herrick,M,
Sir Ronald Ross,M,
Henry Dumas,M,
Sahar Muradi,F,
Adrian Koesters,M,
Dan Stryk,M,
Doug Anderson,M,
Jillena Rose,F,
Brendan Galvin,M,
Sophie Jewett,F,
Anahera Gildea,F,
Hilda Morley,F,
Linda Rodriguez,F,
Mark Defoe,M,
Alan Seeger,M,
Mark Young,M,
Ariana Reines,F,
Zehra Çirac,F,
David Bottoms,M,
Kirsten Ihns,F,
Pauli Murray,F,
Randall Horton,M,
Dani Couture,F,
Queen Elizabeth I,F,
Jason Shinder,M,
Lisel Mueller,F,
William Kloefkorn,M,
Dominique Christina,F,
Susan Barba,F,
Gary Dop,M,
Catherine Maria Fanshawe,F,
Janet McAdams,F,
Liam Rector,M,
Siobhán Campbell,F,
Anne Caston,F,
Nikky Finney,F,
Dannie Abse,F,
Emily Skillings,F,
Sir Walter Scott,M,
Elizabeth Spires,F,
Katie Ford,F,
Jackie Fox,,
Gabriel Gomez,M,
Ruth Moose,F,
David Wheatley,M,
James Scruton,M,
Bryan D. Dietrich,M,
Walter de La Mare,M,
Marie-Claire Bancquart,F,
Thomas Heywood,M,
Kevin C. Powers,M,
Diane Wakoski,F,
Tanaya Winder,F,
Ava Schicke,F,
Eliza Griswold,F,
Thomas Hardy,M,
Benjamin S. Grossberg,M,
Josephine Miles,F,
Dorothea Du Bois,F,
Jennifer Elise Foerster,F,
Rachel Wetzsteon,F,
Francisco X. Alarcón,M,
Paul Blackburn,M,
Tsering Wangmo Dhompa,F,
Marnie Walsh,F,
Bryan Thao Worra,M,
Richard Crashaw,M,
J. Patrick Lewis,M,
Eloisa Amezcua,F,
Ben Lerner,M,
George Starbuck,M,
Jeanne Wagner,F,
John M. Ridland,M,
Nicole Brossard,F,
J. V. Cunningham,,
Louis Simpson,M,
Ford Madox Ford,M,
Rachel Galvin,F,
Rachel Zucker,F,
Danez Smith,M,
Jane Mead,F,
Henry Wadsworth Longfellow,M,
Lisa Russ Spaar,F,
Timothy Tocher,M,
Joyce Armor,F,
Yoko Ono,F,
George Kalogeris,M,
Rabi'a,F,
Robert Charles O’Hara Benjamin,M,
Calef Brown,M,
Emily Rosko,F,
Samuel Ace,M,
Marion McCready,F,
Regina DeSalva,F,
Barbara Perez,F,
Franco Buffoni,M,
Jane Zwart,F,
Tarfia Faizullah,F,
Derek Mahon,M,
Sarah C. Woolsey,F,
Nathaniel Hawthorne,M,
D. Gilson,M,
C. K. Williams,M,
Nathaniel Perry,M,
Leo Boix,M,
Naomi Replansky,F,
Pierluigi Cappello,M,
Elizabeth Hands,F,
D. H. Tracy,,
Knar Gavin,,
William Fuller,M,
Geoff Page,M,
Bob Perelman,M,
Richard Owens,M,
Mary Karr,F,
Eric Gansworth,M,
Sarah White,F,
Luci Tapahonso,F,
Mahmoud Darwish,M,
J. M. Synge,,
Daniel Poppick,M,
Yvor Winters,M,
Timothy Steele,M,
Beverley Bie Brahic,F,
Robert Penn Warren,M,
Federico García Lorca,M,
Tatiana de la Tierra,F,
Barbara Köhler,F,
Jean Toomer,M,
Avis Harley,F,
Silvia Curbelo,F,
Marcus Slease,M,
Kevin Young,M,
Joseph Massey,M,
Susan Browne,F,
Conrad Hilberry,M,
Arthur Symons,M,
Tino Villanueva,M,
Matthew Arnold,M,
Elizabeth Metzger,F,
Kobayashi Issa,M,
Jean Blewett,F,
Sasha Dugdale,F,
Julian Stannard,M,
John Wheelwright,M,
Jeff Daniel Marion,M,
Carolyn Kizer,F,
Cheryl Savageau,F,
J. Allyn Rosser,F,
Karina Borowicz,F,
Ron Rash,M,
Giovanni Battista Guarini,M,
Geoffrey Chaucer,M,
David Shapiro,M,
Gaspara Stampa,F,
Trumbull Stickney,M,
Su Tung-Po,M,
Alurista,M,
Franco Fortini,M,
John Philip Johnson,M,
Truth Thomas,M,
W. S. Di Piero,M,
Tennessee Williams,M,
Tiffany Higgins,F,
Sarah C. Harwell,F,
Dana Ward,F,
Louis MacNeice,M,
Michael Lauchlan,M,
Thomas Nashe,M,
John Koethe,M,
Luis Chaves,M,
Dolores Hayden,F,
Yehudah Halevi,M,
William Stanley Braithwaite,M,
Langston Hughes,,
Lisa Gill,F,
John Crowe Ransom,M,
Declan Ryan,M,
Paul Foster Johnson,M,
Elena Shvarts,F,
Deborah Cummins,F,
Beth Bachmann,F,
Ronald Johnson,M,
Mary Jo Salter,F,
Jaswinder Bolina,M,
Emily Warn,F,
Annette M'Baye,F,
David Dominguez,M,
Trish Dugger,F,
Joanne Diaz,F,
Judith Kitchen,F,
Grace Paley,F,
Durs Grünbein,M,
Mirza Asadullah Khan Ghalib,F,
Kelly Cherry,F,
Amaud Jamaul Johnson,M,
Laura Mullen,F,
Susan M. Schultz,F,
Kevin Griffith,M,
Lynne Thompson,F,
A. F. Moritz,M,
Sir Edward Dyer,M,
Allan Peterson,M,
Tim Upperton,M,
Zilka Joseph,F,
Khadijah Queen,F,
Lisa Grove,F,
Caitlin Doyle,F,
Joel Brouwer,M,
Eugénio de Andrade,M,
Pierre Martory,M,
Mel Nichols,F,
Mary Mapes Dodge,F,
Nancy McCleery,F,
John Hodgen,M,
Susan Kelly-DeWitt,F,
Mark Wunderlich,M,
Simone White,F,
Elena Karina Byrne,F,
Dan Howell,M,
Anna Swir,F,
Lew R. Sarett,M,
John Wilkinson,M,
Eugene Field,F,
Abid B Al-Abras,M,
K. Silem Mohammad,M,
Don Bogen,M,
David Bengtson,M,
Max Mendelsohn,M,
Jos Charles,T,
Stanley Moss,M,
Göran Sonnevi,M,
Sharon Mesmer,F,
John Dowland,M,
Tim Dlugos,M,
Lani O'Hanlon,F,
Valerie Martínez,F,
Hugh MacDiarmid,M,
Dore Kiesselbach,M,
Steven Schneider,M,
Gerald Vizenor,M,
Mary Collier,F,
Joyce Peseroff,F,
Andrew Motion,M,
Marko Vesović,,
Morgan Parker,M,
Mike Puican,M,
Paolo Javier,M,
Jen Hofer,F,
Michael Miller,M,
Layli Long Soldier,,
Jack Conway,M,
Mark Tardi,M,
Elizabeth Bishop,F,
Rosebud Ben-Oni,,
Pierre Reverdy,M,
Huang Fan,,
Michelle Boisseau,F,
Cynthia Rylant,F,
K Ming Chang,,
Angelo Giambra,M,
John Fuller,M,
Charles Reznikoff,M,
John Ashbery,M,
Hera Lindsay Bird,,
Vivian Smith,F,
D. R. Goodman,,
Clint Smith,M,
Jo McDougall,,
Arthur Gorges,M,
Al Maginnes,,
Robert Burns,M,
Thomas Pfau,M,
John Spaulding,M,
Timothy Yu,M,
Theodore Worozbyt,M,
Murray Edmond,M,
Daniel J. Langton,M,
Lynda Hull,F,
Cathy Park Hong,F,
Joe Brainard,M,
May Swenson,F,
Jennifer Tonge,F,
Angela Jackson,F,
Scott Helmes,M,
Patrick Dubost,M,
Hans Magnus Enzensberger,M,
Eleanor Ross Taylor,F,
Lewis Warsh,M,
Jessica Laser,F,
Donald Revell,M,
Susan Meyers,F,
Mary Jones,F,
Terry Wolverton,M,
Thomas McGrath,M,
Jane Whitledge,F,
Henry Newbolt,M,
Jin Eun-Young,,
Christian Milne,M,
Tomás Q. Morín,M,
Alice B. Fogel,F,
Peter Spagnuolo,M,
John Masefield,M,
Jennifer Militello,F,
Gabriel Welsch,M,
Eleanor Hooker,F,
Ben Estes,M,
Alan Feldman,M,
Christina Pugh,F,
Harry Mathews,M,
Lisa Barnett,F,
Geoffrey Hilsabeck,M,
Bill Holm,M,
Saundra Rose Maley,,
Amy E. Sklansky,F,
Kevin Killian,M,
Maya Angelou,F,
Amy Beeder,F,
Edith Södergran,F,
Bill Zavatsky,M,
John Ciardi,M,
Michael Wasson,M,
Dorothea Tanning,F,
Jennifer O'Grady,F,
Gregory Pardlo,M,
Ben Belitt,M,
Michelle O’Sullivan,F,
Umberto Fiori,M,
Sandra Lim,F,
Lawrence Raab,,
Lynn Xu,F,
John Taggart,M,
Walter McDonald,M,
Joanna Fuhrman,F,
Gayle Danley,M,
Matthew Prior,M,
Cynthia Ventresca,F,
Jorge Evans,M,
Ted Berrigan,M,
Katie Cappello,F,
mIEKAL aND,,
LeAnne Howe,,
Cleopatra Mathis,F,
Carol V. Davis,F,
Marilyn Hacker,F,
Carl Marcum,M,
Czeslaw Milosz,,
Adam Kirsch,M,
Mina Loy,F,
Tim Nolan,M,
Amanda Strand,F,
Katherine Philips,F,
George Albon,M,
Diane Glancy,F,
Ko Un,,
Warren Woessner,,
Tim Wells,M,
Kelle Groom,F,
Kalli Dakos,,
John Unterecker,M,
Carol Muske-Dukes,F,
Jalal al-Din Rumi,,
Karla Huston,F,
Jessica Greenbaum,F,
Colette Labouff Atkinson,,
Kathleen Jamie,F,
Primo Levi,,
Paul Tran,M,
Donald Justice,M,
Rita Dove,F,
Robert Fitterman,M,
LaWanda Walters,,
giovanni singleton,M,
Molly McQuade,F,
W. S. Merwin,,
A. E. Stallings,,
Bill Manhire,M,
John De Stefano,M,
Ray Amorosi,M,
Alex Phillips,M,
Joseph Seamon Cotter Sr.,M,
Philip Gallo,M,
Paul Verlaine,M,
Stephen Dunn,M,
Orlando Ricardo Menes,M,
Lily Cao,F,
Hoa Nguyen,,
Marcus B. Christian,M,
Tishani Doshi,,
Robin Behn,,
Ange Mlinko,F,
Angela Shaw,F,
Julian Randall,F,
Peter Dale Scott,M,
Laura Kasischke,F,
John Lyly,M,
John Gay,M,
Eleni Sikelianos,F,
P. Inman,,
Peter Sacks,M,
Dana Gioia,F,
Joyelle McSweeney,F,
francine j. harris,F,
Karen J. Weyant,F,
Chris Wallace-Crabbe,,
Zbigniew Herbert,,
Myung Mi Kim,,
Eliza Lee Follen,F,
Dilruba Ahmed,,
Robert Fernandez,M,
Ho Xuan Huong,,
Michelle Bennett,F,
John Kinsella,M,
Peggy Shumaker,F,
Carla Panciera,F,
Terri Kirby Erickson,,
Kayleb Rae Candrilli,,
Lady Grizel Baillie,F,
Yang Lian,,
Kathryn Nuernberger,F,
Arthur Graeme West,M,
Erik Kennedy,M,
Dobby Gibson,,
Virginia Hamilton Adair,F,
Lady Catherine Dyer,F,
Michael Waters,M,
Joshua Edwards,M,
Angel Nafis,,
Liz Ahl,F,
Cynthia Cruz,F,
Forrest Gander,,
Peter Pereira,M,
Sasha Steensen,,
John Dryden,M,
Geoffrey Brock,M,
Rita Ann Higgins,F,
JonArno Lawson,,
Molly Peacock,F,
Richard Brautigan,M,
Melanie Almeder,F,
Henry David Thoreau,M,
George Szirtes,M,
Helen T. Glenn,F,
Lorenzo Thomas,M,
Jennifer Rahim,F,
Margaret Fishback,F,
Sean O’Brien,M,
Eileen Spinelli,F,
Algernon Charles Swinburne,,
James Wright,M,
Amy Uyematsu,F,
Jericho Brown,,
Patricia Jabbeh Wesley,F,
Pedro Pietri,M,
Mary Elizabeth Coleridge,F,
Matthew Olzmann,M,
John Tipton,M,
Roy G. Guzmán,,
Eve Merriam,F,
William Dunbar,M,
Kaelum Poulson,,
Patricia Goedicke,F,
Robert Wrigley,M,
Janet Loxley Lewis,F,
Douglas Kearney,M,
Elise Hempel,F,
León Salvatierra,M,
Jennifer Maier,F,
Osip Mandelstam,,
Vincent Katz,M,
Robert Southwell SJ,M,
C. D. Wright,,
Rebecca Morgan Frank,F,
G. K. Chesterton,,
Ricardo Alberto Maldonado,M,
William Collins,M,
Kirill Medvedev,M,
Medbh McGuckian,,
Duchess of Newcastle Margaret Cavendish,F,
Debra Marquart,F,
Eloise Greenfield,F,
Joel Lipman,M,
Paula Bohince,F,
Joan Kane,M,
Jonathan Swift,M,
Charlotte Richardson,F,
G. E. Murray,,
David Allan Evans,M,
Rowena Bastin Bennett,,
Alison C. Rollins,,
Patricia Kirkpatrick,F,
Lisa Olstein,F,
Corey Mesler,,
Dan Gerber,M,
Eileen R. Tabios,F,
Mary Robinson,F,
Charles d'Orleans,M,
Fatimah Asghar,F,
Tara Bray,F,
Bev Yockelson,,
Philip White,M,
Joseph Di Prisco,M,
Cathryn Essinger,F,
Etheridge Knight,,
Michael Metivier,M,
Donal Heffernan,M,
D. Nurkse,,
Tatiana Ziglar,F,
Ben Purkert,M,
Ellery Akers,,
Darrel Alejandro Holnes,M,
Yosef Gikatilla,M,
Stanley Plumly,M,
Charles Simic,M,
Anne Boyer,F,
Rich Murphy,M,
Juhan Liiv,,
Dionisio D. Martínez,M,
Adrian Castro,M,
Bill Coyle,M,
Lieke Marsman,,
John Berryman,M,
Nathaniel Mackey,M,
Martha Baird,F,
Thomas Middleton,M,
Joy Harjo,F,
Vachel Lindsay,,
Matthew Nienow,M,
Gregory Djanikian,M,
Kim Lozano,,
Melian Radu,,
Indran Amirthanayagam,,
Mei-mei Berssenbrugge,,
R. P. Blackmur,,
Bob Kaufman,M,
Cassie Lewis,F,
Luis J. Rodríguez,M,
John Surowiecki,M,
Mark Sanders,M,
Basil Bunting,,
Alex Dimitrov,M,
Vicki Hearne,,
David Barber,M,
Seán Hewitt,M,
Eduardo Chirinos,M,
Felicia Dorothea Hemans,F,
Emanuel Xavier,M,
Mary Sidney Herbert Countess of Pembroke,F,
Kathy Fagan,F,
Reginald Shepherd,,
Nate Pritts,,
Roddy Lumsden,M,
Edmund Waller,M,
Charles Olson,M,
Hannah Sanghee Park,F,
Lawson Fusao Inada,,
Biddy Jenkinson,,
Douglas Manuel,M,
David Shook,M,
Henry Timrod,M,
Chrystos,,
George Oppen,M,
Bruce Lansky,M,
Russell Libby,M,
William Lisle Bowles,M,
Cathy Smith Bowers,F,
James Merrill,M,
Joseph Gordon Macleod,M,
R. Parthasarathy,,
Vinda Karandikar,,
William Faulkner,M,
Thomas Centolella,M,
Heather Christle,F,
Tania Rochelle,F,
David Biespiel,M,
David Wagoner,M,
Leslie Scalapino,F,
Kevin Cantwell,M,
Bob Hicok,M,
Essa Ranapiri,,
Will Alexander,M,
Ann Struthers,F,
Helen Maria Williams,F,
Jennifer Tamayo,F,
David Tomas Martinez,M,
Elizabeth Alexander,F,
Tom Disch,M,
Wanda Coleman,F,
dg nanouk okpik,,
Brian Kim Stefans,M,
Allen Ginsberg,,
Oni Buchanan,,
Gerald Stern,M,
Jaap Blonk,,
Julie Sheehan,,
Christopher Spaide,M,
Robert Herrick,M,
Jack Agüeros,M,
Simon J. Ortiz,M,
Rickey Laurentiis,,
Rebecca Seiferle,F,
Philip Fried,M,
Benjamin Goldberg,M,
Giovanni Pascoli,M,
Attilio Bertolucci,,
Trevor West Knapp,M,
Edgar Lee Masters,M,
Oscar Wilde,M,
bell hooks,,
Michael McKimm,M,
Margaret Noodin,F,
Richard Aldington,M,
Daniel Borzutzky,M,
Sappho,,
Solomon,,
Alejandra Pizarnik,F,
Jamaal May,M,
Tess Taylor,,
Linda Bierds,F,
T. Zachary Cotler,,
Gabrielle Calvocoressi,,
Paisley Rekdal,,
Gergely Normal,,
Matthew Dickman,M,
Fitz-Greene Halleck,M,
Nico Vassilakis,M,
Lyn Lifshin,,
Kenneth Rexroth,M,
John L. Stanizzi,M,
Rosemary Tonks,F,
Josh Wild,M,
Anna Lætitia Barbauld,F,
David Kirby,M,
Caroline Gilman,F,
Alfred Islay Walden,M,
Robert Hayden,M,
Anthony Madrid,M,
Samuel Green,M,
James Schuyler,M,
Lisa Wells,F,
John Barr,M,
April Bernard,F,
Julia Fiedorczuk,F,
George Quasha,M,
Elaine Equi,F,
Brian Blanchfield,M,
Donald Britton,M,
Mario Meléndez,M,
Thomas Lodge,M,
Gregory Maguire,M,
Carlo Betocchi,M,
jörg piringer,,
Diane Seuss,F,
Norman Dubie,M,
John Engels,M,
Shawn Pittard,,
Claude McKay,,
James McMichael,M,
Stephen Swinburne,M,
Marilyn Singer,F,
Asia Calcagno,,
Siegfried Sassoon,,
Melanie Braverman,F,
Elizabeth Lincoln Otis,F,
Juliet Kono,F,
Ted Greenwald,M,
Thomas Carlyle,M,
Richard Wilbur,M,
Karl Kirchwey,M,
Michael Hofmann,M,
Patrick Hicks,M,
LaTasha N. Nevada Diggs,,
Mo H. Saidi,,
Cesare Pavese,,
Marina Tsvetaeva,F,
Fran Haraway,,
Haji Khavari,,
Averill Curdy,,
Margaret Fuller,F,
Constance Levy,,
Thomas Love Peacock,M,
Gertrude Stein,F,
Yoel Hoffmann,,
Ruth Stone,F,
Kenneth Patchen,M,
Erika L. Sánchez,F,
Heid E. Erdrich,,
Gretchen Marquette,F,
James Laughlin,M,
Shirley Buettner,F,
Lavinia Greenlaw,F,
Alison Stine,F,
Vijay Seshadri,,
Derek Walcott,M,
Deborah Landau,F,
Aria Aber,F,
Gordon Henry Jr.,M,
Ellen Bryant Voigt,F,
Robert Pinsky,M,
Sachiko Murakami,,
Bridget Lowe,F,
Miller Oberman,,
Cally Conan-Davies,,
Phil Bolsta,M,
Robert B. Shaw,M,
Jack Prelutsky,M,
Lord Byron (George Gordon),M,
Nikki Giovanni,,
David Trinidad,M,
Angelos Sikelianos,,
Edwin Gladding Burrows,M,
Arthur Hugh Clough,M,
Kiki Petrosino,,
Lisa Gorton,F,
Carter Revard,,
Theodore Deppe,M,
Stephanie Burt,F,
Mary Wollstonecraft Shelley,F,
Tomas Venclova,M,
Sarah Gridley,F,
Anne Marie Macari,F,
Gerard Manley Hopkins,M,
Charles Hamilton Sorley,M,
David Lee,M,
Vahni Capildeo,,
Rachel Loden,F,
Marci Ridlon,,
Lynn Emanuel,,
Anne Killigrew,F,
Samiya Bashir,,
Katrina Roberts,F,
Rajiv Mohabir,,
Tami Haaland,,
Thomas Lux,M,
Austin Smith,,
Milo De Angelis,,
Clement Clarke Moore,,
Frank Marshall Davis,M,
Scott Cairns,M,
Clarence Major,,
Eric Ekstrand,M,
Allan Johnston,M,
Anacreon,,
Gary Whited,M,
William Barnes,M,
John Brehm,M,
Sina Queyras,,
Arthur Vogelsang,M,
Howard Nemerov,M,
Regie Cabico,,
avery r. young,,
Andrew Allport,M,
Stephen Sandy,M,
Marjorie Saiser,F,
Sue Ellen Thompson,F,
J. T. Ledbetter,,
Robert Bridges,M,
Faith Shearin,,
Ouyang Jianghe,,
Emelihter Kihleng,,
Berwyn Moore,,
Camille Guthrie,F,
Marilyn Chin,F,
Jenny Bornholdt,,
Juliana Gray,F,
Galway Kinnell,,
Adah Isaacs Menken,,
Nomi Stone,,
Crisosto Apache,,
Suji Kwock Kim,,
Michael Brennan,M,
Art Nahill,,
Caroline Bird,F,
Grigori Dashevsky,,
Wong May,,
Ina Rousseau,,
Karen An-hwei Lee,,
Hershman John,,
Robert Hedin,M,
Kyle Harvey,,
Micah Ballard,,
Thomas Traherne,M,
Brenda Cárdenas,F,
Norma Cole,F,
Rae Armantrout,,
Victoria Chang,F,
Dan Beachy-Quick,,
Wendell Berry,,
Ru Freeman,,
Don Mee Choi,,
Ashleigh Young,,
Cynthia Arrieu-King,F,
Gillian Conoley,,
Stuart Kestenbaum,M,
Austin Segrest,,
Peter Campion,M,
Phillip Carroll Morgan,M,
Henry Vaughan,M,
Campbell McGrath,,
Ilya Kutik,,
Richard Lehnert,M,
Edmund Spenser,M,
Daniel Nadler,M,
Katherine Mansfield,F,
Liu Xia,,
Lola Haskins,F,
Christopher Soto,M,
John Beer,M,
Lucas Howell,M,
Chloe Honum,F,
Francesca Abbate,F,
Marianne Moore,F,
Will Allen Dromgoole,M,
Wisława Szymborska,,
Anna Moschovakis,F,
Truong Tran,,
Jill Bialosky,,
James Tate,M,
Rosanna Warren,F,
Elizabeth Barrett Browning,F,
Thomas Chatterton,M,
Nora Naranjo-Morse,F,
L. E. Sissman,,
Adrian C. Louis,,
Fiona Hile,F,
Sylvia Legris,F,
Divya Victor,F,
Cornelius Eady,,
Pauletta Hansel,,
Gail Wronsky,M,
Miguel Hernández,M,
Chris Tse,,
John Wieners,M,
Nam Le,,
Lydia Davis,F,
Lesley Harrison,,
David Mura,M,
Seán Ó Ríordáin,M,
Marilyn Kallet,F,
Jonathan David,M,
Ish Klein,,
Gina Franco,F,
Arseny Tarkovsky,,
Frank Ormsby,M,
Jacques Roubaud,,
Orlando White,M,
Jane Taylor,F,
Donovan Kūhiō Colleps,,
Malcolm Cowley,M,
Kien Lam,,
Jennifer Michael Hecht,F,
Amiri Baraka,,
Claude Esteban,,
Rachel Hadas,F,
Imru'al-qays,,
Russell Edson,M,
Aja Couchois Duncan,,
Jay Leeming,M,
Patricia Frolander,F,
Elizabeth Willis,F,
Emily Brontë,F,
Sara Peters,F,
Rowan Ricardo Phillips,M,
Thomas Sayers Ellis,M,
Laetitia Pilkington,F,
Nicholas Friedman,M,
Craig Morgan Teicher,M,
Christina Davis,F,
Sawnie Morris,,
Peter Balakian,M,
Amy Clampitt,F,
Albert Garcia,M,
John Logan,M,
Miriam Bird Greenberg,F,
Elizabeth Skurnick,F,
Ruth Wiggins,F,
Valzhyna Mort,,
Joyce Sidman,F,
May Sarton,F,
Trevino L. Brings Plenty,,
Shel Silverstein,,
Michael Earl Craig,M,
Christopher Smart,M,
Dawn Lundy Martin,,
Devin Johnston,,
Rainer Maria Rilke,M,
Lorine Niedecker,,
Kofi Awoonor,,
Prageeta Sharma,,
Catie Rosemurgy,,
Evie Shockley,,
Paul Violi,M,
Kinga Tóth,,
Meena Alexander,,
Michael Hartnett,M,
Sheryl Luna,F,
Penny Harter,F,
Kate Farrell,F,
Tui Scanlan,,
Kathleen Ossip,F,
Dinah Maria Craik,F,
Robert Frost,M,
Thomas Campion,M,
Charles North,M,
Michael Field,M,
George Crabbe,M,
Lilian Moore,F,
Robert Glück,M,
Ned Balbo,,
Warsan Shire,,
Lehua M. Taitano,,
Edwin Arlington Robinson,M,
Kim Parko,,
Natasha Sajé,F,
Matt Hart,M,
Aimee Nezhukumatathil,F,
John Maloney,M,
James McKean,M,
Lee McCarthy,,
Mark Ford,M,
Ana Božičević,F,
Franz Wright,M,
David Caplan,M,
Daljit Nagra,,
Helen Dudley,F,
Emilia Phillips,F,
Deena Metzger,,
Rachael Allen,F,
Steven Orlen,M,
Marin Sorescu,,
Samuel Menashe,M,
Christine Lynn Mahoney,F,
Hinemoana Baker,,
Christopher Robley,M,
Dan Lechay,,
Virgil,,
Michelle Tea,F,
Grace Bauer,F,
Kevin A. González,M,
Anne Kennedy,F,
Ben Fama,M,
Faith Wilson,,
Stéphane Mallarmé,F,
Hailey Leithauser,F,
Afaa Michael Weaver,,
Debora Greger,F,
Jackson Mac Low,M,
Marjorie Agosín,F,
Oli Hazzard,,
Jesús Papoleto Meléndez,M,
Elfriede Jelinek,,
Greg Glazner,M,
Agha Shahid Ali,,
Mother Goose,,
Charles Juliet,M,
Marjorie Pickthall,F,
Roald Dahl,,
Minnie Bruce Pratt,,
Lois Beebe Hayna,,
Anne Waldman,F,
Dunya Mikhail,,
David L. Harrison,M,
Robert King,M,
Stuart Mills,M,
Caleb Klaces,,
Steve Gehrke,M,
Jenny Xie,M,
Bruce Mackinnon,M,
Ernest Dowson,M,
Wang Ping,,
Rebecca Gayle Howell,F,
Anna Marie Sewell,F,
Ali Power,,
Eugene Gloria,F,
Matt Mason,M,
Mary Barnard,F,
Bianca Stone,F,
Catherine Field,F,
Jack Underwood,M,
Natalie Shapero,F,
Melissa Stein,F,
Tyrone Williams,,
Leslie Bulion,,
Noah Baldino,M,
Jim Daniels,M,
Jenny Factor,F,
John McCrae,M,
Myra Sklarew,,
John Clare,M,
Susan Hampton,F,
Ruben Quesada,M,
Doireann Ní Ghríofa,,
Robyn Schiff,,
Ricardo Pau-Llosa,M,
Lal Ded,,
Sir John Suckling,,
Chen Chen,,
Judy Loest,F,
Essex Hemphill,,
Todd Boss,M,
David Orr,M,
Tom Healy,M,
Colin Cheney,,
Pimone Triplett,,
Nick Norwood,,
Katerina Rudcenkova,F,
Amrita Pritam,,
Jan Owen,,
Tess Gallagher,,
Dan Chiasson,,
Michael Rutherglen,,
Tom Raworth,,
Karl Shapiro,,
Dick Allen,,
James Edwin Campbell,,
Merrill Moore,,
Walter Savage Landor,M,
Susan Elizabeth Howe,F,
Léopold Sédar Senghor,M,
Yusef Komunyakaa,M,
Hester Knibbe,,
Katharine Tynan,F,
William H. Dickey,M,
Dahlia Ravikovitch,F,
Wayne Koestenbaum,,
Richard Tagett,M,
Urayoán Noel,,
Fay Zwicky,,
D. A. Powell,,
Stephanie Young,F,
Amir Khadar,M,
Martha Serpas,F,
Margaret Walker,F,
Samuel Amadon,M,
Tim Bowling,M,
Hittan of Tayyi,,
Eloise Klein Healy,F,
Chris Abani,,
J. Lorraine Brown,,
Pierre Corneille,M,
Jasmine Elizabeth Smith,F,
Georgiana Cohen,F,
Sueyeun Juliette Lee,,
Todd Hearon,M,
Bruce Bond,M,
Don Paterson,M,
Ludvig Holstein,M,
Kathleen Rooney,F,
Yi Sang,,
Christopher Middleton,M,
Mark Twain,M,
Ellen Bass,F,
Isabel Galleymore,F,
Omar Khayaam,M,
Roy White,,
Robert Tremmel,M,
Jane Huffman,F,
Charlotte L. Forten Grimké,F,
Samuel Hazo,M,
Ephelia,F,
torrin a. greathouse,,
Juliana Spahr,F,
Raymond Antrobus,M,
Steven Herrick,M,
Helen Hoyt,F,
Christian Wiman,M,
Clodagh Beresford Dunne,,
Wendy Videlock,F,
Sadiqa de Meijer,,
Elizabeth Klise von Zerneck,F,
Mir Mahfuz Ali,,
Valerio Magrelli,M,
Mary Hickman,F,
Yitzhak Luria,,
Anne Marie Rooney,F,
Lorna Dee Cervantes,,
Susan Wheeler,F,
Jennifer Firestone,F,
Cody Smith,,
Janice Gould,F,
George Elliott Clarke,M,
Edwin Markham,M,
Rebekah Gumpert Hyneman,,
James Clerk Maxwell,M,
Ruth L. Schwartz,F,
Claudia La Rocco,F,
W. S. Graham,,
Angela Narciso Torres,F,
Larry Levis,M,
Leslie Monsour,F,
Kaveh Akbar,,
Peter Gizzi,M,
Paula Tatarunis,F,
Bonny Cassidy,,
Monica Ferrell,F,
Robert W. Service,M,
Michael Lally,M,
Pattiann Rogers,,
Roy Scheele,M,
Rodrigo Toscano,M,
Bertolt Brecht,,
Liz Waldner,,
Knight of the White Elephant of Burmah William McGonagall,M,
Hannah Brooks-Motl,F,
Raymond Luczak,M,
William Meredith,M,
Maxine Kumin,,
Marty Walsh,,
Joan Houlihan,,
Matthew Green,M,
Andrew Zawacki,M,
Mary Borden,F,
Mark Bibbins,M,
Joyce Carol Oates,F,
Barbara Howes,F,
Shane McCrae,,
Joseph Millar,M,
John Fletcher,M,
joanne burns,F,
J. J. Bell,,
Diana Khoi Nguyen,F,
Karen Volkman,F,
Dale Going,M,
Dylan Thomas,M,
Johannes Göransson,M,
Takashi Hiraide,M,
Charlotte Smith,F,
Wilmer Mills,,
Jacqueline Jones LaMon,F,
Ian Duhig,,
Mary Biddinger,F,
Jeffrey McDaniel,M,
Lance Larsen,M,
Martin Carter,M,
William Ernest Henley,M,
Cal Doyle,,
William Vaughn Moody,M,
Thomas Reiter,M,
elena minor,F,
Michael Collier,M,
T. S. Eliot,,
Charles Hanson Towne,M,
Kenn Nesbitt,,
Miriam Gamble,F,
Judith Askew,F,
Weldon Kees,,
Veronica Forrest-Thomson,F,
Miller Williams,,
Joanie Mackowski,,
derek beaulieu,M,
Bill Sweeney,M,
Jenny George,F,
Kit Robinson,,
Stephen Edgar,M,
John Keats,M,
Carol Ann Duffy,F,
Patrizia Cavalli,F,
Jan Mordenski,M,
Adelaide Crapsey,F,
John Repp,M,
Robert Lowell,M,
Vidyan Ravinthiran,,
Ocean Vuong,,
Greg Miller,M,
Louis Untermeyer,M,
Vanessa Place,F,
Frannie Lindsay,,
William Logan,M,
Jennifer Grotz,F,
Erez Bitton,,
Irving Feldman,M,
Lynn Crosbie,,
Shirley Geok-Lin Lim,F,
Donna Masini,F,
Sara Nicholson,F,
Jo'lene Dailey,,
Henry Taylor,M,
D. H. Lawrence,,
Kenneth Koch,M,
Vandana Khanna,,
Alice Lyons,F,
Antonella Anedda,F,
Kathy Nilsson,F,
Lynn Melnick,M,
Calvin Forbes,,
Coleman Barks,,
Joseph Hutchison,M,
Robert Fanning,M,
Yone Noguchi,,
Peter Munro,M,
Eric Chock,M,
Cecilia Vicuña,F,
Quraysh Ali Lansana,,
Frances Anne Kemble,F,
Alice Moore Dunbar-Nelson,F,
Susan B. Anthony Somers-Willett,F,
Anita Endrezze,F,
Lianne Spidel,F,
Chana Bloch,,
Martin Monahan,M,
William Jolliff,M,
Brian Lucas,M,
Rabindranath Tagore,,
Orlando Gibbons,M,
James Ephraim McGirt,M,
Yves Bonnefoy,,
Ivan Hobson,M,
George Moses Horton,M,
Kirby Knowlton,M,
Thomas McCarthy,M,
Libby Burton,,
Anne Hunter,F,
Robert Polito,M,
Dorothy Wordsworth,F,
Geraldine Connolly,,
Jill McDonough,,
Ed Skoog,,
Edward Hirsch,M,
Izumi Shikibu,,
Kerri Webster,,
Deirdre O'Connor,,
Etel Adnan,,
Patricia Smith,F,
Peter Boyle,M,
Justice Ameer,,
Robert Alter,M,
Bill Knott,M,
Maurice Manning,,
Jorie Graham,,
Susan Stewart,F,
Fred Wah,M,
Karen Jo Shapiro,F,
C. K. Stead,,
William Makepeace Thackeray,M,
Melissa Range,F,
Melvin Dixon,,
August Kleinzahler,,
Rupert Brooke,M,
Julia Shipley,F,
Floyd Skloot,,
Keith Waldrop,,
Jody Gladding,,
Sandra Beasley,F,
John Matthias,M,
Donald Platt,M,
Gary Snyder,M,
William Wordsworth,M,
Rusty Morrison,,
Timothy Liu,M,
Solmaz Sharif,,
Michael Palmer,M,
Ailish Hopper,,
Ernest M. Hemingway,M,
Charles Tomlinson,M,
Kate Colby,F,
Robin Gow,M,
Helen Mort,F,
Nathaniel Tarn,M,
Peter Schneider,M,
Susan Hutton,F,
Liz Berry,F,
George Wither,M,
Deborah Warren,F,
Megan Arlett,F,
Brandon Brown,M,
Larry Neal,M,
Cyrus Cassells,,
Joan Retallack,,
Alicia Ostriker,F,
Adam Fitzgerald,M,
Atsuro Riley,,
Dorothy Parker,F,
Dana Roeser,F,
Jeanne Murray Walker,F,
Pam Rehm,F,
Terrance Hayes,M,
Susanna Moodie,F,
Cortney Lamar Charleston,F,
Lionel G. Fogarty,M,
Frank Stanford,M,
Simon Barraclough,M,
Roberto Harrison,M,
Conrad Aiken,M,
Mark O'Brien,M,
Frank Osen,M,
Monica McClure,F,
Heather Allen,F,
Sinéad Morrissey,,
Jorge Sánchez,M,
Dan Vera,M,
Sam Willetts,M,
John Milton,M,
Steve Kistulentz,M,
Stacy Szymaszek,F,
Philip Gross,M,
Oliver Wendell Holmes Sr.,M,
Joan Mitchell,,
Laurence Hope,,
Ronaldo V. Wilson,M,
Carolyn Forché,F,
Jack Spicer,M,
David Ignatow,M,
Letitia Elizabeth Landon,F,
Dennis O'Driscoll,M,
Barbara Crooker,F,
John Hazard,M,
Shari Wagner,,
Caroline Bergvall,F,
John Davies,M,
John Skelton,M,
Dana Levin,F,
Robin Coste Lewis,,
G. Maria Hindmarch,,
Reginald Gibbons,,
erica lewis,F,
Mark Rudman,M,
Katia Kapovich,F,
Octavio Paz,M,
Dave Crawley,M,
Philip Schultz,M,
Jared Harél,M,
Theodore Roethke,M,
Courtney Sina Meredith,F,
Kyle Dargan,M,
Catherine Tufariello,F,
Diane Thiel,F,
Elizabeth Arnold,F,
Alex-Quan Pham,M,
Richard Eberhart,M,
George Meredith,M,
Paul Martínez Pompa,M,
Anna Rabinowitz,F,
Elisabeth Eybers,F,
Aaron Shurin,M,
Robert Marteau,M,
Edgell Rickword,,
Phillis Levin,,
Tibullus,,
Thorpe Moeckel,,
Traci Brimhall,F,
Ilya Kaminsky,,
William Shakespeare,M,
Claudia Rankine,F,
Larissa Szporluk,F,
Karyna McGlynn,F,
Billy Ramsell,M,
Sandra M. Castillo,F,
A. V. Christie,,
Moses ibn Ezra,,
Juan Ramón Jiménez,M,
Linda Gregerson,F,
Henry M. Seiden,M,
Fiona Sampson,F,
Vi Khi Nao,,
Hayden Carruth,,
Lydia Huntley Sigourney,F,
Jane Miller,F,
Max Garland,M,
Inger Christensen,,
Jasmine Gibson,F,
Kazim Ali,,
Mark Strand,M,
Kathryn Maris,F,
Tony Barnstone,M,
Matthew Francis,M,
Philip Freneau,M,
W. Todd Kaneko,,
Judith Beveridge,F,
Amy Lowell,F,
Matthew Zapruder,M,
Samuel Greenberg,M,
Andrei Codrescu,M,
George Scarbrough,M,
William Cullen Bryant,M,
Michael Chitwood,M,
Bei Dao,,
Susan Hahn,F,
Daniel Tobin,M,
Nada Gordon,,
Francis Scott Key,M,
Sergey Gandlevsky,M,
Kathryn Simmonds,F,
Charles Lamb,M,
Maurice Kilwein Guevara,M,
Margaret Atwood,F,
Robin Becker,,
Brent Pallas,M,
Emilie Buchwald,,
Luisa A. Igloria,F,
José Antonio Rodríguez,M,
Elise Paschen,F,
James Doyle,M,
Chrissy Williams,,
Louise Bogan,F,
Carl Rakosi,M,
Kay Ryan,,
Ralph Salisbury,M,
Ethel Lynn Beers,,
Carmen Tafolla,F,
Mathilde Blind,F,
George H. Dillon,M,
Carole Boston Weatherford,F,
Alissa Leigh,F,
Linda Norton,F,
Roger Reeves,M,
Ciaran Carson,,
Sumita Chakraborty,,
Chika Sagawa,,
Tracy K. Smith,F,
Elizabeth A.I. Powell,F,
Daniel Groves,M,
Nancy Bo Flood,F,
Kathleen Fraser,F,
Eileen Myles,F,
James Joyce,M,
Thomas Morris,M,
Donald (Grady) Davidson,M,
Tomas Tranströmer,M,
Alice Oswald,F,
Mong-Lan,,
Elise Partridge,F,
Charlotte Mew,F,
Charlotte Brontë,F,
Peter Cole,M,
Susan Firer,F,
Adrienne Su,,
Rob Schlegel,M,
Julia Ward Howe,F,
Michele Wolf,F,
Vincent O’Sullivan,M,
Philip Metres,M,
Stephen Spender,M,
Isabella Whitney,F,
John Wilmot Earl of Rochester,M,
Joseph Stroud,M,
Jack Collom,M,
Susan Rothbard,F,
B. H. Fairchild,,
David Ferry,M,
Joan Hutton Landis,,
Roger Pfingston,M,
Heidi Mordhorst,,
Henry Carey,M,
Richard Michelson,M,
Mario Chard,M,
James Longenbach,M,
Patricia Clark,F,
Meleager,,
Lita Hooper,,
Ashanti Anderson,,
Glyn Maxwell,,
Gabrielle Bates,,
Gabriel Spera,M,
Donald Davie,M,
Michael Farrell,M,
Michael Robbins,M,
Kathleen Lynch,F,
Sarah Holland-Batt,F,
Leo Dangel,M,
P. K. Page,,
Nancyrose Houston,,
Henrietta Cordelia Ray,F,
Grace Hazard Conkling,F,
Hugo Williams,M,
George Bradley,M,
Alexandra Teague,F,
William Blake,M,
Jeffrey Schultz,M,
Robyn Sarah,,
Ishmael Reed,,
Ralph Bergengren,M,
Brandon Shimoda,M,
Linda Kunhardt,F,
Rick Snyder,,
Li Po,,
Edward Taylor,M,
Zaffar Kunial,,
Steven Toussaint,M,
Sydney Lea,,
Spencer Short,M,
Tara Betts,F,
Thulani Davis,,
Monica Sok,F,
Jessie Puru,,
Natan Zach,M,
Leonard E. Nathan,M,
Brenda Hillman,F,
Jesse Patrick Ferguson,,
"Alfred, Lord Tennyson",M,
Anselm Berrigan,,
Ofelia Zepeda,F,
Basho,,
John Haines,M,
Edward Dorn,M,
Angie Macri,F,
Trish Crapo,,
Lisa Furmanski,F,
Tom Clark,M,
Uladzimir Niakliaeu,,
Andrew Marvell,M,
Margarita Engle,F,
Leonard Gontarek,M,
Alec Brock Stevenson,,
John Maucere,M,
Jane Yeh,F,
Julia Randall,F,
Jan Beatty,,
Bill Berkson,M,
Ellen Hinsey,F,
Daniel Nyikos,M,
Laura Dimmit,F,
Marla Miniano,F,
John Rodriguez,M,
Sean Thomas Dougherty,M,
"Lord Edward, Lord Herbert of Cherbury",M,
Anne Pierson Wiese,F,
Merrill Leffler,,
Aase Berg,,
Elizabeth Drew Barstow Stoddard,F,
George Marion McClellan,M,
Vera Mary Brittain,F,
Elizabeth Hobbs,F,
Pascale Petit,M,
Howard Moss,M,
Carolyn Miller,F,
Khaty Xiong,F,
George Chapman,M,
Kamau Brathwaite,,
Levi Romero,,
Larry Eigner,M,
Gloria g. Murray,F,
John Gallaher,M,
Ian Williams,M,
Raúl Zurita,M,
Justin Chin,M,
Joseph O. Legaspi,M,
Stephen Connolly,M,
Alan Dugan,M,
Heather Phillipson,F,
Tyler Mills,M,
Renee Gladman,,
Spencer Reece,M,
Robert Gibb,M,
Marie Buck,F,
Daniel Halpern,M,
Jameson Fitzpatrick,,
Anne Carson,F,
André Naffis-Sahely,M,
William Archila,M,
Kim Noriega,,
Pat Emile,,
Toby Martinez de las Rivas,M,
Mary Margaret Alvarado,F,
Camille T. Dungy,F,
Moniza Alvi,,
Penina Moise,,
Pablo Antonio Cuadra,M,
Dudley Randall,M,
Anthony Anaxagorou,M,
Fady Joudah,M,
David Tucker,M,
Gail Mazur,M,
Laynie Browne,,
Giacomo Leopardi,M,
Drew Gardner,,
Clark Moore,M,
Sara Backer,F,
Catherine Staples,F,
Jay Wright,M,
John Yau,M,
Alice Fulton,F,
Odysseus Elytis,,
Wayne Holloway-Smith,,
Erika Meitner,F,
Clive James,M,
Sandra McPherson,F,
Cathy Tagnak Rexford,F,
Bettina M. Walker,F,
Denis Johnson,M,
Gustave Morin,,
David Budbill,M,
Rebecca Ariel Porte,F,
Edmund Blunden,M,
Jana Prikryl,F,
Todd Davis,M,
Jacob Shores-Argüello,M,
Deborah A. Miranda,F,
Mark McMorris,M,
Labid,,
Marge Piercy,F,
Jason Schneiderman,M,
Jessy Randall,,
Terese Svoboda,F,
Nick Arnold,,
Jon Pineda,M,
Christine Gosnay,F,
Tyehimba Jess,,
Carolyn M. Rodgers,F,
Uvavnuk,,
Robert Pottle,M,
Esther Lee,F,
Patricia Traxler,F,
Sarah A. Chavez,F,
Israel Zangwill,M,
Jack Kerouac,M,
Marianne Boruch,F,
Robert VanderMolen,M,
Sally Wen Mao,F,
Joel Craig,M,
Susanna Blamire,F,
Gowann,,
Matthea Harvey,,
Nate Marshall,M,
Jane Kenyon,F,
Chase Berggrun,,
Michael Symmons Roberts,M,
Ari Banias,,
Cecilia Woloch,F,
Dante Gabriel Rossetti,M,
Jessie Pope,,
Thomas Randolph,M,
Zozan Hawez,,
Cynthia Zarin,F,
Fanny Howe,,
Tao Lin,,
Lily A. Long,F,
Robin Richardson,M,
Connie Deanovich,,
Hayan Charara,,
Taylor Mali,M,
Alissa Valles,F,
Warren Hastings,M,
Saadi Youssef,,
Richard M. Berlin,M,
Mary Szybist,F,
Théophile Gautier,,
Catherine Barnett,F,
James K. Zimmerman,M,
Jennifer Moxley,F,
Claudia Emerson,F,
Rose Fyleman,F,
José Angel Araguz,M,
K. S. Ernst,,
Lady Mary Wortley Montagu,F,
Saskia Hamilton,,
John Trudell,M,
Lucille Clifton,F,
Kelly Madigan,F,
Todd Colby,M,
Ramón López Velarde,M,
Helen Hunt Jackson,F,
William Matthews,M,
Jeanie Greensfelder,F,
Gerrit Lansing,,
Víctor Rodríguez Núñez,M,
Daniel Defoe,M,
Ina Coolbrith,,
Eiléan Ní Chuilleanáin,,
Lenelle Moïse,,
Robert Hershon,M,
Nathan Spoon,M,
Karenne Wood,F,
Ralph Fletcher,M,
Queen Lydia Kamakaeha Lili’uokalani,F,
Jennifer Wong,F,
Najwan Darwish,,
Yehuda Amichai,,
Belle Randall,F,
Aracelis Girmay,,
Albert Wendt,M,
Francis Ponge,M,
Robert Francis,M,
Stephen Sexton,M,
Mona Van Duyn,,
Rodney Koeneke,,
Sarah Morgan Bryan Piatt,F,
Mona Arshi,F,
Isabel Rogers,F,
Ada Limón,F,
Ginger Ko,,
Annie Finch,F,
Thomas Merton,M,
Christian Bök,M,
Femi Osofisan,,
Aziza Barnes,,
Frederick Seidel,,
Robbie Coburn,,
Quan Barry,,
Kate Northrop,F,
Linda Hogan,F,
Leah Umansky,,
Richard Hugo,M,
Jonathan Greene,M,
Hugh Seidman,M,
Neil Carpathios,M,
Barbara Guest,F,
Faylita Hicks,,
Robert Southey,M,
Honor Moore,,
Heather McHugh,F,
Raffaello Baldini,M,
Erin Belieu,F,
Andrew Joron,M,
Eric Gamalinda,M,
Robert Nichols,M,
Jeramy Dodds,M,
Paul Perry,M,
W. D. Snodgrass,M,
Delmore Schwartz,,
Daniel Tiffany,M,
Stephen Behrendt,M,
Mantinadologoi,,
Kevin Prufer,M,
Amanda Joy,F,
Nick Twemlow,M,
Rex Wilder,,
Ruby Robinson,,
Francisco Aragón,M,
Diane di Prima,F,
William Langland,M,
Joshua Bennett,M,
Dan Taulapapa McMullin,,
Michelle Y. Burke,F,
Tato Laviera,,
Ron Padgett,M,
Paul Hoover,M,
Louise Imogen Guiney,F,
Joshua Mehigan,M,
Joshua Jennifer Espinoza,M,
David Wojahn,M,
Bruce Guernsey,M,
James Weldon Johnson,M,
William E. Stafford,M,
Daniel Bailey,M,
Kenneth Carroll,M,
Jeff Derksen,M,
Alan Felsenthal,M,
April Halprin Wayland,F,
A.B. Jackson,,
Ron Silliman,M,
Paul Batchelor,M,
Maggie Smith,F,
Countess of Winchilsea Anne Finch,F,
Joseph Spece,M,
Andrea Hollander,,
Rane Arroyo,,
Curzio Malaparte,,
Karma Larsen,,
Víctor Terán,M,
Stephen O’connor,M,
Lee Ann Roripaugh,,
Fred Marchant,M,
Danusha Laméris,,
Anya Silver,,
Tod Marshall,,
Kris Hemensley,,
Emily Fragos,F,
Ann Snodgrass,F,
Joanne Dominique Dwyer,F,
Coral Bracho,F,
Gregory Orr,M,
Thomas P. Lynch,M,
Edward Thomas,M,
Sam Riviere,M,
Lisa Fishman,F,
Sandra Simpson,F,
Raymond McDaniel,M,
Hadewijch II,,
Henry Gould,M,
Dorothea Lasky,F,
Johnny Damm,M,
Robert Pack,M,
Amy Gerstler,F,
Nancy Miller Gomez,F,
Jeff Latosik,M,
Louisa S. Bevington,F,
Mira Rosenthal,F,
Colleen J. McElroy,,
Richard Katrovas,M,
Robin Ekiss,,
Jill Osier,,
Kenneth Slessor,M,
Anne Winters,F,
John Hennessy,M,
Brod Bagert,,
Barry Goldensohn,M,
CM Burroughs,,
Sophia Dahlin,F,
Michelle Mitchell-Foust,F,
Emmett Tenorio Melendez,M,
Lawrence Joseph,,
Brandy Nālani McDougall,M,
Gisela Kraft,F,
Eugene Dubnov,F,
Mary Moore Easter,F,
Friedrich Hölderlin,M,
Sjohnna McCray,,
Paul Hostovsky,M,
Kimberly Blaeser,F,
Emily Liebowitz,F,
Gwendolyn Brooks,,
Fran Lock,,
Peter Ciccariello,M,
Naomi Shihab Nye,F,
Sharmila Voorakkara,F,
Patty Seyburn,F,
Alyssa Moore,F,
Chris Martin,,
Jacques Réda,,
Paul Muldoon,M,
Calvin Thomas Jr.,M,
Mary Oliver,F,
BJ Ward,,
Sara Holbrook,F,
Barton Sutter,,
Jayme Ringleb,,
Joelle Biele,F,
Mary Kinzie,F,
Helen Hajnoczky,F,
Michael S. Harper,M,
Franny Choi,,
E. E. Cummings,,
Lydia Maria Child,F,
James Reidel,M,
Mary M. Brown,F,
Barbara Jane Reyes,F,
Edna St. Vincent Millay,F,
Waldo Williams,M,
Dorothea Grossman,F,
Molly Brodak,F,
Wallace Stevens,M,
Mohja Kahf,,
Sandy Florian,,
Daniel Scott Tysdal,M,
Gabriel & Marcel Piqueray,M,
Dante Di Stefano,M,
William Butler Yeats,M,
Mónica de la Torre,F,
Thomas Hood,M,
Deborah Digges,F,
John Poch,M,
Martha Silano,F,
Lucy Tunstall,F,
Brian Swann,M,
Connie Voisine,,
Kimiko Hahn,,
Thomas Bastard,M,
Oliver Baez Bendorf,M,
Joshua Marie Wilkinson,M,
Herbert Morris,M,
Kerrin P. Sharpe,,
Quincy Troupe,,
Marjorie Maddox,F,
Henri Cole,M,
Pat Schneider,F,
Jay Besemer,,
Mahogany L. Browne,,
Anne Bradstreet,F,
Edil Hassan,,
Joyce Kilmer,F,
Gabriel Ojeda-Sague,M,
Pat Mora,F,
Peter Bethanis,M,
Anne Porter,F,
Chitra Banerjee Divakaruni,,
William Cole,M,
John Talbot,M,
Mary Weston Fordham,F,
Kay Mullen,,
Günter Eich,M,
Jennifer Maiden,F,
John Straley,M,
Judith Kroll,F,
Deborah Paredez,F,
Anne Stevenson,F,
Teresa Mei Chuc,F,
Laura Newbern,F,
Robin Robertson,,
Kathleen Driskell,F,
Lucretius,,
Stephen Kuusisto,M,
Yvonne Zipter,F,
Sudeep Sen,,
Shin Yu Pai,,
Rachel Jamison Webster,F,
Kathi Wolfe,F,
Denise Low,F,
Rynn Williams,,
Witter Bynner,,
John Hollander,M,
Albert Goldbarth,M,
Victoria Kennefick,F,
Elizabeth Campbell,F,
C. P. Cavafy,,
Jason Guriel,M,
Catherine Imbriglio,F,
Sheila Black,F,
Xochiquetzal Candelaria,,
Ibn Al-`Arabi,,
Dabney Stuart,,
Oliver de la Paz,M,
Arthur O'Shaughnessy,M,
Stefi Weisburd,F,
Patrick Rosal,F,
Mark Smith-Soto,M,
Maureen Ash,,
Shail D. Patel,,
Charles Bernstein,M,
Cathy Linh Che,F,
Laura Da',F,
George Seferis,M,
Susan Kolodny,F,
Susan Kinsolving,F,
Barbara Schmitz,F,
Alfred Starr Hamilton,M,
Jen Bryant,,
Lucia Perillo,F,
Pablo Neruda,M,
Paula Cunningham,F,
J. Michael Martinez,,
Kenyatta Rogers,,
Landis Everson,,
Ailbhe Ní Ghearbhuigh,,
Greg Sellers,M,
Christine Stewart-Nuñez,F,
Robert P. Baird,M,
Jean Valentine,,
Hai-Dang Phan,,
Patricia Lockwood,F,
Kevin Goodan,M,
Joshua McCarter Simpson,M,
Ali Liebegott,,
Nicole Pekarske,F,
Lady Mary Wroth,F,
Brooklyn Copeland,,
Hannah Lowe,F,
Tommy Pico,,
Meredith Holmes,,
Elsa von Freytag-Loringhoven,F,
Robert Morgan,M,
Stephen Sturgeon,M,
Gottfried Benn,M,
Carole Bernstein,F,
Toby Altman,M,
Laurie Ann Guerrero,F,
Frank Bidart,M,
Lucy Wainger,F,
Alice Notley,F,
Florence Ripley Mastin,,
Michele Leggott,F,
Karl O'Hanlon,M,
Chris Glomski,,
Edwin Torres,,
David Gewanter,M,
James Thomas Stevens,M,
Nick Lantz,,
Dayna Patterson,F,
Cathy Song,F,
Greg Delanty,M,
Frances Jane Crosby Van Alstyne,,
Joy Katz,F,
Ken Chen,M,
Sarah Helen Whitman,F,
Yanyi,,
Les Murray,,
Bill Dodds,M,
Jorge Luis Borges,M,
Thomas Carew,M,
Josephine Delphine Henderson Heard,F,
Adrian Matejka,,
Adrien Stoutenburg,,
Roy Jacobstein,,
Rebecca Lindenberg,F,
Alan Pelaez Lopez,M,
Jeff Worley,M,
Laura Marie Marciano,F,
Darcie Dennigan,,
Joan Horton,,
Darren Sardelli,,
Robert Gernhardt,M,
Ishion Hutchinson,,
Haki R. Madhubuti,,
Rebecca Hazelton,F,
Diakwain,,
Martha Ronk,F,
Emily Hunt,F,
Jill Magi,,
Derek Sheffield,M,
Nathalie Handal,F,
Frank Sherlock,M,
Lucia Cherciu,F,
Richard Siken,M,
Karen Solie,F,
An Li,,
Joy Ladin,F,
Richard Kenney,M,
Sarah Louisa Forten,F,
Alice Miller,F,
Brook Emery,,
Ella Higginson,F,
Jordan Davis,,
Matthew Shenoda,M,
Ravi Shankar,,
Daniela Danz,F,
Eleanor Wilner,F,
Sophie Cabot Black,F,
Tony Hoagland,M,
Brian Barker,M,
Theodore Weiss,,
Amanda Nadelberg,F,
Patrizia Valduga,F,
Schuyler Van Rensselaer,,
Saaro Umar,,
Joseph Cephas Holly,M,
Luke Davies,M,
Caroline Caddy,F,
Steven Cordova,M,
Ali Cobby Eckermann,,
Nestor Gomez,M,
Rudyard Kipling,,
Aharon Shabtai,,
Alexandria Peary,F,
Don Welch,M,
Liz Rosenberg,F,
Cynthia Hogue,F,
Steven Cramer,M,
Hanif Abdurraqib,,
Kathryn Stripling Byer,F,
Kate Camp,F,
John Greening,M,
Jim Carroll,M,
Rosmarie Waldrop,F,
Joseph Bruchac,M,
Eleanor Farjeon,F,
Dante Alighieri,M,
Ed Ochester,M,
Heidy Steidlmayer,F,
John Mason Neale,M,
Oskar Pastior,M,
Linda Parsons Marion,F,
Stephen C. Foster,M,
Jana Harris,F,
Roger Mitchell,M,
Jill Alexander Essbaum,,
Leslie McGrath,F,
Melvin B. Tolson,,
Laura Moriarty,F,
Mary Ruefle,F,
Jean Follain,,
Shailja Patel,,
Natalie Rose Richardson,F,
Judith Harris,F,
Sally Van Doren,F,
Edward Lear,M,
Neal Levin,,
Abraham Lincoln,M,
Kristen Renee Miller,F,
Tony Lopez,,
sam sax,,
Dylan Horrocks,M,
Juan Felipe Herrera,M,
Carolina Ebeid,F,
Maureen N. McLane,M,
Maceo J. Whitaker,,
Albery Allson Whitman,,
Brian Turner,M,
Danniel Schoonebeek,M,
Jacob Polley,M,
Noah Warren,M,
Carol Frost,F,
Maria Melendez Kelson,F,
Kristine O'Connell George,F,
Igor Klikovac,M,
Vievee Francis,,
Robert Lax,M,
Dan Brown,,
Sir Walter Ralegh,,
Patrick Phillips,,
Peg Boyers,F,
Momina Mela,,
Momtaza Mehri,,
Lynn Pedersen,,
János Pilinszky,,
Richard Blanco,M,
Brian Teare,M,
Rebecca Wolff,F,
Jennifer Jean,F,
Nance Van Winckel,,
Jacob Saenz,M,
Susan Griffin,F,
Yolanda Wisher,F,
Jackson Wheeler,M,
Frederick Goddard Tuckerman,M,
Javier Zamora,M,
Countee Cullen,,
Seth Abramson,M,
Toi Derricotte,,
Tyler Ford,M,
Jacqueline Osherow,F,
David St. John,M,
Linda Pastan,F,
Peg Duthie,F,
Jane Cooper,F,
Megan Snyder-Camp,F,
Lilace Mellin Guignard,,
Christopher Chambers,M,
Ginger Murchison,,
Frances Leviston,M,
Katy Bohinc,F,
David Lehman,M,
Sir Arthur Conan Doyle,M,
James Kimbrell,M,
François Villon,M,
James Lasdun,M,
Lily Zhou,F,
Chris Forhan,M,
Todd Swift,M,
Ghassan Zaqtan,,
E. Tracy Grinnell,,
Julian Grenfell,,
Richard O. Moore,M,
Jocelyn Saidenberg,M,
Yuki Tanaka,,
Chelsea Rathburn,F,
Denise Levertov,F,
Catherine Cockburn,F,
A. R. Ammons,,
Emmy Pérez,F,
Cate Marvin,F,
Eduardo C. Corral,M,
Lia Purpura,,
Robert West,M,
Mary Rose O'Reilley,F,
Richard Barnfield,M,
John Rybicki,M,
Roberto Tejada,M,
X J Kennedy,,
Brenda Iijima,F,
Brandon Som,M,
Cynthia Huntington,F,
Stephen Stepanchev,M,
Frank Lima,M,
Dafydd ap Gwilym,,
Charles Ghigna,M,
Helen Leigh,F,
Katy Giebenhain,,
Fleda Brown,,
Jack Stewart,M,
Shirley Kaufman,F,
Elinor Maxwell,,
William Trowbridge,M,
Colette Bryce,,
Francis Ledwidge,M,
Steven Huff,M,
"Henry VIII, King of England",M,
Peter Everwine,M,
Allen Edwin Butt,,
Kabir,,
Jeffrey Skinner,M,
Grace Schulman,F,
Rachel Sherwood,F,
Duy Doan,,
Safiya Sinclair,,
Liz Countryman,F,
Kathryn Starbuck,F,
David Schloss,M,
Sy Hoahwah,,
Nancy Simpson,F,
Kathy Engel,F,
Megan Denton Ray,F,
Laurel Blossom,F,
Joan Larkin,,
Molly Fisk,F,
Ryler Dustin,,
George Sterling,M,
Alberto Ríos,M,
James Thomson (Bysshe Vanolis),M,
Rafael Campo,M,
Brian Culhane,M,
Ann Plato,F,
Ben Ladouceur,M,
Sun Yung Shin,,
Jones Very,M,
Allison Titus,,
Joseph Brodsky,M,
Mark Turcotte,,
Mark Irwin,M,
Lynn Powell,,
Robert Adamson,M,
Eamon Grennan,,
Andrei Guruianu,M,
Carolyn Wells,F,
Gjertrud Schnackenberg,,
Mark Tredinnick,M,
Lucie Brock-Broido,F,
Ted Kooser,M,
Matilda Bethem,F,
Michael Prior,M,
Solomon Ibn Gabirol,,
Eavan Boland,,
John Cage,M,
Nick Flynn,,
Chinua Achebe,,
Jacques Darras,,
Brian Henry,M,
Li-Young Lee,,
Garrett Hongo,M,
Peter Cooley,M,
Ailbhe Darcy,,
Bin Ramke,,
Henry Carlile,M,
Laurence Binyon,,
Ken Mikolowski,,
Sarah Browning,F,
Matthew Vetter,M,
Leontia Flynn,,
George Garrett,M,
Lawrence Ferlinghetti,M,
Rigoberto González,M,
Clifton Gachagua,M,
Linh Dinh,,
Anna Akhmatova,F,
Clare Jones,F,
Amy Fleury,F,
Penelope Shuttle,F,
Jack Gilbert,M,
Mary Avidano,F,
Malachi Black,,
Mary Ann Hoberman,F,
Kate Gale,F,
Gary Barwin,M,
Sherman Alexie,,
Philip Whalen,M,
Robert Bringhurst,M,
Sallie Wolf,F,
Sarah Lindsay,F,
Louise Glück,F,
Alan R. Shapiro,,
Robert Winner,M,
Alan Ramón Clinton,M,
Lisa Ampleman,F,
Ron Koertge,M,
Ovid,,
Catherine Wagner,F,
Ambrose Bierce,,
Marilyn Dumont,F,
Susan Rolston,F,
Kim Dower,M,
Ava Leavell Haymon,,
Kenneth Goldsmith,M,
Ha Jin,,
Raina J. León,,
Catherine Savage Brosman,F,
Samuel Taylor Coleridge,M,
Franklin Pierce Adams,,
Rory Waterman,,
James K. Baxter,M,
Michael Sharkey,M,
Larry Bradley,,
Taha Muhammad Ali,,
R. S. Gwynn,,
Kevin McFadden,M,
Catherine Bowman,F,
Robert Thomas,M,
David Black,M,
Danielle Chapman,F,
Amy King,F,
Edgar Albert Guest,M,
Maxine Chernoff,,
Ray Gonzalez,M,
John McAuliffe,M,
Idra Novey,,
Juan Delgado,M,
Sharon Chmielarz,F,
April Lindner,F,
Charlotte Anna Perkins Gilman,F,
Charles Dickens,M,
Kathleen M. McCann,F,
Michelle Menting,F,
A. B. Spellman,,
Stephen Dobyns,M,
Duane Niatum,,
Betsy Franco,F,
Carrie Fountain,F,
Freya Manfred,F,
Melissa Studdard,F,
Brad Leithauser,M,
Paul Carroll,M,
Gaius Petronius,,
Kristin Naca,F,
Meghan O'Rourke,F,
Sharon Olds,F,
Richard Lovelace,M,
Edgar Allan Poe,M,
Jonathan Holden,M,
George Peele,M,
Julia Kolchinsky Dasbach,F,
David Roderick,M,
Paul Laurence Dunbar,M,
Jupiter Hammon,,
Wendy Xu,F,
Anna Seward,F,
Max Ritvo,,
Wesley McNair,M,
Christina Rossetti,F,
Herman Melville,M,
Mary Meriam,F,
Richard Robbins,M,
Tom Wayman,M,
David Yezzi,M,
Nate Klug,M,
Gary Soto,M,
Krista Franklin,F,
Jimmy Santiago Baca,M,
David Harsent,M,
Bruce Snider,M,
Thomas Moore,M,
Hannah F. Gould,F,
Joanne Kyger,F,
Conor O'Callaghan,M,
Matthew Brenneman,M,
Lyn Hejinian,,
Zeina Hashem Beck,F,
Julien Poirier,,
Paige Lewis,,
Bruce Weigl,M,
Ntozake Shange,,
Frances Ellen Watkins Harper,,
Safia Elhillo,F,
Tom Pickard,M,
John Lydgate,M,
Dante Micheaux,M,
Richard Emil Braun,M,
Lucille Lang Day,F,
Jeffrey Greene,M,
Jane Wong,F,
Cedar Sigo,,
Charles Harper Webb,M,
Marie Ponsot,F,
Mary Barber,F,
Mark Kraushaar,M,
David Hernandez,M,
Marilyn Nelson,F,
Joanna Baillie,F,
Judith Goldman,F,
Leslie Harrison,F,
Koon Woon,,
Qwo-Li Driskill,,
Patti Smith,F,
Ishmael Angaluuk Hope,,
Zachary Schomburg,M,
David Lau,M,
Anna Jackson,F,
Jeffrey Yang,M,
Billy Collins,M,
Philip Jenks,M,
Angélica Freitas,F,
Chip Livingston,,
Kathleen Graber,F,
Graham Mort,,
Joe Mills,M,
Elizabeth Bentley,F,
Margo Tamez,,
David Sullivan,M,
Sheena Raza Faisal,F,
Anthony Opal,M,
Kate Potts,F,
Catherine Wing,F,
Donika Kelly,,
Adam Clay,M,